<?xml version="1.0" encoding="utf-8"?>
<!DOCTYPE install PUBLIC "-//Joomla! 1.6//DTD template 1.0//EN" "http://www.joomla.org/xml/dtd/1.6/template-install.dtd">
<extension version="1.6" type="template" method="upgrade">
        <name>Weever_Cartographer</name>
        <creationDate>2011-08-08</creationDate>
        <author>Robert Gerald Porter</author>
        <authorEmail>rob@weeverapps.com</authorEmail>
        <authorUrl>http://www.weeverapps.com/</authorUrl>
        <copyright>(c) 2010-2011 Weever Apps Inc.</copyright>
        <license>GNU/GPL</license>
        <version>0.9.2</version>
        <description>Weever Cartographer R3S Template for Joomla</description>
        <files>
                <filename>index.php</filename>
                <folder>simpledom</folder>
                <folder>html</folder>
                <filename>templateDetails.xml</filename>
        </files>
        <positions />
</extension>
